,src
0,outputs/2025-01-15_12:39:16/1-LV-rural1--1-no_sw/train/sample_049.json
1,outputs/2025-01-15_12:39:16/1-LV-rural1--1-no_sw/train/sample_287.json
2,outputs/2025-01-15_12:39:16/1-LV-rural1--1-no_sw/train/sample_032.json
3,outputs/2025-01-15_12:39:16/1-LV-rural1--1-no_sw/train/sample_260.json
4,outputs/2025-01-15_12:39:16/1-LV-rural1--1-no_sw/train/sample_146.json
5,outputs/2025-01-15_12:39:16/1-LV-rural1--1-no_sw/train/sample_198.json
6,outputs/2025-01-15_12:39:16/1-LV-rural1--1-no_sw/train/sample_158.json
7,outputs/2025-01-15_12:39:16/1-LV-rural1--1-no_sw/train/sample_219.json
8,outputs/2025-01-15_12:39:16/1-LV-rural1--1-no_sw/train/sample_225.json
9,outputs/2025-01-15_12:39:16/1-LV-rural1--1-no_sw/train/sample_149.json
10,outputs/2025-01-15_12:39:16/1-LV-rural1--1-no_sw/train/sample_249.json
11,outputs/2025-01-15_12:39:16/1-LV-rural1--1-no_sw/train/sample_286.json
12,outputs/2025-01-15_12:39:16/1-LV-rural1--1-no_sw/train/sample_182.json
13,outputs/2025-01-15_12:39:16/1-LV-rural1--1-no_sw/train/sample_097.json
14,outputs/2025-01-15_12:39:16/1-LV-rural1--1-no_sw/train/sample_068.json
15,outputs/2025-01-15_12:39:16/1-LV-rural1--1-no_sw/train/sample_174.json
16,outputs/2025-01-15_12:39:16/1-LV-rural1--1-no_sw/train/sample_043.json
17,outputs/2025-01-15_12:39:16/1-LV-rural1--1-no_sw/train/sample_039.json
18,outputs/2025-01-15_12:39:16/1-LV-rural1--1-no_sw/train/sample_007.json
19,outputs/2025-01-15_12:39:16/1-LV-rural1--1-no_sw/train/sample_233.json
20,outputs/2025-01-15_12:39:16/1-LV-rural1--1-no_sw/train/sample_254.json
21,outputs/2025-01-15_12:39:16/1-LV-rural1--1-no_sw/train/sample_256.json
22,outputs/2025-01-15_12:39:16/1-LV-rural1--1-no_sw/train/sample_297.json
23,outputs/2025-01-15_12:39:16/1-LV-rural1--1-no_sw/train/sample_234.json
24,outputs/2025-01-15_12:39:16/1-LV-rural1--1-no_sw/train/sample_008.json
25,outputs/2025-01-15_12:39:16/1-LV-rural1--1-no_sw/train/sample_013.json
26,outputs/2025-01-15_12:39:16/1-LV-rural1--1-no_sw/train/sample_224.json
27,outputs/2025-01-15_12:39:16/1-LV-rural1--1-no_sw/train/sample_029.json
28,outputs/2025-01-15_12:39:16/1-LV-rural1--1-no_sw/train/sample_218.json
29,outputs/2025-01-15_12:39:16/1-LV-rural1--1-no_sw/train/sample_281.json
30,outputs/2025-01-15_12:39:16/1-LV-rural1--1-no_sw/train/sample_096.json
31,outputs/2025-01-15_12:39:16/1-LV-rural1--1-no_sw/train/sample_130.json
32,outputs/2025-01-15_12:39:16/1-LV-rural1--1-no_sw/train/sample_201.json
33,outputs/2025-01-15_12:39:16/1-LV-rural1--1-no_sw/train/sample_105.json
34,outputs/2025-01-15_12:39:16/1-LV-rural1--1-no_sw/train/sample_285.json
35,outputs/2025-01-15_12:39:16/1-LV-rural1--1-no_sw/train/sample_117.json
36,outputs/2025-01-15_12:39:16/1-LV-rural1--1-no_sw/train/sample_170.json
37,outputs/2025-01-15_12:39:16/1-LV-rural1--1-no_sw/train/sample_241.json
38,outputs/2025-01-15_12:39:16/1-LV-rural1--1-no_sw/train/sample_141.json
39,outputs/2025-01-15_12:39:16/1-LV-rural1--1-no_sw/train/sample_242.json
40,outputs/2025-01-15_12:39:16/1-LV-rural1--1-no_sw/train/sample_173.json
41,outputs/2025-01-15_12:39:16/1-LV-rural1--1-no_sw/train/sample_036.json
42,outputs/2025-01-15_12:39:16/1-LV-rural1--1-no_sw/train/sample_126.json
43,outputs/2025-01-15_12:39:16/1-LV-rural1--1-no_sw/train/sample_209.json
44,outputs/2025-01-15_12:39:16/1-LV-rural1--1-no_sw/train/sample_147.json
45,outputs/2025-01-15_12:39:16/1-LV-rural1--1-no_sw/train/sample_050.json
46,outputs/2025-01-15_12:39:16/1-LV-rural1--1-no_sw/train/sample_134.json
47,outputs/2025-01-15_12:39:16/1-LV-rural1--1-no_sw/train/sample_159.json
48,outputs/2025-01-15_12:39:16/1-LV-rural1--1-no_sw/train/sample_131.json
49,outputs/2025-01-15_12:39:16/1-LV-rural1--1-no_sw/train/sample_120.json
50,outputs/2025-01-15_12:39:16/1-LV-rural1--1-no_sw/train/sample_282.json
51,outputs/2025-01-15_12:39:16/1-LV-rural1--1-no_sw/train/sample_011.json
52,outputs/2025-01-15_12:39:16/1-LV-rural1--1-no_sw/train/sample_137.json
53,outputs/2025-01-15_12:39:16/1-LV-rural1--1-no_sw/train/sample_246.json
54,outputs/2025-01-15_12:39:16/1-LV-rural1--1-no_sw/train/sample_284.json
55,outputs/2025-01-15_12:39:16/1-LV-rural1--1-no_sw/train/sample_163.json
56,outputs/2025-01-15_12:39:16/1-LV-rural1--1-no_sw/train/sample_119.json
57,outputs/2025-01-15_12:39:16/1-LV-rural1--1-no_sw/train/sample_016.json
58,outputs/2025-01-15_12:39:16/1-LV-rural1--1-no_sw/train/sample_030.json
59,outputs/2025-01-15_12:39:16/1-LV-rural1--1-no_sw/train/sample_116.json
60,outputs/2025-01-15_12:39:16/1-LV-rural1--1-no_sw/train/sample_069.json
61,outputs/2025-01-15_12:39:16/1-LV-rural1--1-no_sw/train/sample_251.json
62,outputs/2025-01-15_12:39:16/1-LV-rural1--1-no_sw/train/sample_080.json
63,outputs/2025-01-15_12:39:16/1-LV-rural1--1-no_sw/train/sample_189.json
64,outputs/2025-01-15_12:39:16/1-LV-rural1--1-no_sw/train/sample_102.json
65,outputs/2025-01-15_12:39:16/1-LV-rural1--1-no_sw/train/sample_128.json
66,outputs/2025-01-15_12:39:16/1-LV-rural1--1-no_sw/train/sample_222.json
67,outputs/2025-01-15_12:39:16/1-LV-rural1--1-no_sw/train/sample_175.json
68,outputs/2025-01-15_12:39:16/1-LV-rural1--1-no_sw/train/sample_076.json
69,outputs/2025-01-15_12:39:16/1-LV-rural1--1-no_sw/train/sample_083.json
70,outputs/2025-01-15_12:39:16/1-LV-rural1--1-no_sw/train/sample_229.json
71,outputs/2025-01-15_12:39:16/1-LV-rural1--1-no_sw/train/sample_107.json
72,outputs/2025-01-15_12:39:16/1-LV-rural1--1-no_sw/train/sample_213.json
73,outputs/2025-01-15_12:39:16/1-LV-rural1--1-no_sw/train/sample_237.json
74,outputs/2025-01-15_12:39:16/1-LV-rural1--1-no_sw/train/sample_035.json
75,outputs/2025-01-15_12:39:16/1-LV-rural1--1-no_sw/train/sample_113.json
76,outputs/2025-01-15_12:39:16/1-LV-rural1--1-no_sw/train/sample_258.json
77,outputs/2025-01-15_12:39:16/1-LV-rural1--1-no_sw/train/sample_206.json
78,outputs/2025-01-15_12:39:16/1-LV-rural1--1-no_sw/train/sample_185.json
79,outputs/2025-01-15_12:39:16/1-LV-rural1--1-no_sw/train/sample_192.json
80,outputs/2025-01-15_12:39:16/1-LV-rural1--1-no_sw/train/sample_190.json
81,outputs/2025-01-15_12:39:16/1-LV-rural1--1-no_sw/train/sample_010.json
82,outputs/2025-01-15_12:39:16/1-LV-rural1--1-no_sw/train/sample_244.json
83,outputs/2025-01-15_12:39:16/1-LV-rural1--1-no_sw/train/sample_042.json
84,outputs/2025-01-15_12:39:16/1-LV-rural1--1-no_sw/train/sample_171.json
85,outputs/2025-01-15_12:39:16/1-LV-rural1--1-no_sw/train/sample_098.json
86,outputs/2025-01-15_12:39:16/1-LV-rural1--1-no_sw/train/sample_066.json
87,outputs/2025-01-15_12:39:16/1-LV-rural1--1-no_sw/train/sample_086.json
88,outputs/2025-01-15_12:39:16/1-LV-rural1--1-no_sw/train/sample_053.json
89,outputs/2025-01-15_12:39:16/1-LV-rural1--1-no_sw/train/sample_262.json
90,outputs/2025-01-15_12:39:16/1-LV-rural1--1-no_sw/train/sample_140.json
91,outputs/2025-01-15_12:39:16/1-LV-rural1--1-no_sw/train/sample_164.json
92,outputs/2025-01-15_12:39:16/1-LV-rural1--1-no_sw/train/sample_200.json
93,outputs/2025-01-15_12:39:16/1-LV-rural1--1-no_sw/train/sample_132.json
94,outputs/2025-01-15_12:39:16/1-LV-rural1--1-no_sw/train/sample_235.json
95,outputs/2025-01-15_12:39:16/1-LV-rural1--1-no_sw/train/sample_089.json
96,outputs/2025-01-15_12:39:16/1-LV-rural1--1-no_sw/train/sample_180.json
97,outputs/2025-01-15_12:39:16/1-LV-rural1--1-no_sw/train/sample_121.json
98,outputs/2025-01-15_12:39:16/1-LV-rural1--1-no_sw/train/sample_214.json
99,outputs/2025-01-15_12:39:16/1-LV-rural1--1-no_sw/train/sample_216.json
100,outputs/2025-01-15_12:39:16/1-LV-rural1--1-no_sw/train/sample_271.json
101,outputs/2025-01-15_12:39:16/1-LV-rural1--1-no_sw/train/sample_172.json
102,outputs/2025-01-15_12:39:16/1-LV-rural1--1-no_sw/train/sample_054.json
103,outputs/2025-01-15_12:39:16/1-LV-rural1--1-no_sw/train/sample_047.json
104,outputs/2025-01-15_12:39:16/1-LV-rural1--1-no_sw/train/sample_157.json
105,outputs/2025-01-15_12:39:16/1-LV-rural1--1-no_sw/train/sample_298.json
106,outputs/2025-01-15_12:39:16/1-LV-rural1--1-no_sw/train/sample_082.json
107,outputs/2025-01-15_12:39:16/1-LV-rural1--1-no_sw/train/sample_006.json
108,outputs/2025-01-15_12:39:16/1-LV-rural1--1-no_sw/train/sample_212.json
109,outputs/2025-01-15_12:39:16/1-LV-rural1--1-no_sw/train/sample_127.json
110,outputs/2025-01-15_12:39:16/1-LV-rural1--1-no_sw/train/sample_061.json
111,outputs/2025-01-15_12:39:16/1-LV-rural1--1-no_sw/train/sample_187.json
112,outputs/2025-01-15_12:39:16/1-LV-rural1--1-no_sw/train/sample_215.json
113,outputs/2025-01-15_12:39:16/1-LV-rural1--1-no_sw/train/sample_041.json
114,outputs/2025-01-15_12:39:16/1-LV-rural1--1-no_sw/train/sample_196.json
115,outputs/2025-01-15_12:39:16/1-LV-rural1--1-no_sw/train/sample_038.json
116,outputs/2025-01-15_12:39:16/1-LV-rural1--1-no_sw/train/sample_220.json
117,outputs/2025-01-15_12:39:16/1-LV-rural1--1-no_sw/train/sample_031.json
118,outputs/2025-01-15_12:39:16/1-LV-rural1--1-no_sw/train/sample_084.json
119,outputs/2025-01-15_12:39:16/1-LV-rural1--1-no_sw/train/sample_228.json
120,outputs/2025-01-15_12:39:16/1-LV-rural1--1-no_sw/train/sample_279.json
121,outputs/2025-01-15_12:39:16/1-LV-rural1--1-no_sw/train/sample_046.json
122,outputs/2025-01-15_12:39:16/1-LV-rural1--1-no_sw/train/sample_162.json
123,outputs/2025-01-15_12:39:16/1-LV-rural1--1-no_sw/train/sample_044.json
124,outputs/2025-01-15_12:39:16/1-LV-rural1--1-no_sw/train/sample_005.json
125,outputs/2025-01-15_12:39:16/1-LV-rural1--1-no_sw/train/sample_148.json
126,outputs/2025-01-15_12:39:16/1-LV-rural1--1-no_sw/train/sample_167.json
127,outputs/2025-01-15_12:39:16/1-LV-rural1--1-no_sw/train/sample_202.json
128,outputs/2025-01-15_12:39:16/1-LV-rural1--1-no_sw/train/sample_067.json
129,outputs/2025-01-15_12:39:16/1-LV-rural1--1-no_sw/train/sample_296.json
130,outputs/2025-01-15_12:39:16/1-LV-rural1--1-no_sw/train/sample_138.json
131,outputs/2025-01-15_12:39:16/1-LV-rural1--1-no_sw/train/sample_115.json
132,outputs/2025-01-15_12:39:16/1-LV-rural1--1-no_sw/train/sample_085.json
133,outputs/2025-01-15_12:39:16/1-LV-rural1--1-no_sw/train/sample_169.json
134,outputs/2025-01-15_12:39:16/1-LV-rural1--1-no_sw/train/sample_151.json
135,outputs/2025-01-15_12:39:16/1-LV-rural1--1-no_sw/train/sample_252.json
136,outputs/2025-01-15_12:39:16/1-LV-rural1--1-no_sw/train/sample_292.json
137,outputs/2025-01-15_12:39:16/1-LV-rural1--1-no_sw/train/sample_024.json
138,outputs/2025-01-15_12:39:16/1-LV-rural1--1-no_sw/train/sample_161.json
139,outputs/2025-01-15_12:39:16/1-LV-rural1--1-no_sw/train/sample_001.json
140,outputs/2025-01-15_12:39:16/1-LV-rural1--1-no_sw/train/sample_060.json
141,outputs/2025-01-15_12:39:16/1-LV-rural1--1-no_sw/train/sample_232.json
142,outputs/2025-01-15_12:39:16/1-LV-rural1--1-no_sw/train/sample_025.json
143,outputs/2025-01-15_12:39:16/1-LV-rural1--1-no_sw/train/sample_004.json
144,outputs/2025-01-15_12:39:16/1-LV-rural1--1-no_sw/train/sample_289.json
145,outputs/2025-01-15_12:39:16/1-LV-rural1--1-no_sw/train/sample_003.json
146,outputs/2025-01-15_12:39:16/1-LV-rural1--1-no_sw/train/sample_027.json
147,outputs/2025-01-15_12:39:16/1-LV-rural1--1-no_sw/train/sample_118.json
148,outputs/2025-01-15_12:39:16/1-LV-rural1--1-no_sw/train/sample_063.json
149,outputs/2025-01-15_12:39:16/1-LV-rural1--1-no_sw/train/sample_057.json
150,outputs/2025-01-15_12:39:16/1-LV-rural1--1-no_sw/train/sample_090.json
151,outputs/2025-01-15_12:39:16/1-LV-rural1--1-no_sw/train/sample_071.json
152,outputs/2025-01-15_12:39:16/1-LV-rural1--1-no_sw/train/sample_263.json
153,outputs/2025-01-15_12:39:16/1-LV-rural1--1-no_sw/train/sample_122.json
154,outputs/2025-01-15_12:39:16/1-LV-rural1--1-no_sw/train/sample_091.json
155,outputs/2025-01-15_12:39:16/1-LV-rural1--1-no_sw/train/sample_250.json
156,outputs/2025-01-15_12:39:16/1-LV-rural1--1-no_sw/train/sample_110.json
157,outputs/2025-01-15_12:39:16/1-LV-rural1--1-no_sw/train/sample_092.json
158,outputs/2025-01-15_12:39:16/1-LV-rural1--1-no_sw/train/sample_040.json
159,outputs/2025-01-15_12:39:16/1-LV-rural1--1-no_sw/train/sample_000.json
160,outputs/2025-01-15_12:39:16/1-LV-rural1--1-no_sw/train/sample_100.json
161,outputs/2025-01-15_12:39:16/1-LV-rural1--1-no_sw/train/sample_181.json
162,outputs/2025-01-15_12:39:16/1-LV-rural1--1-no_sw/train/sample_065.json
163,outputs/2025-01-15_12:39:16/1-LV-rural1--1-no_sw/train/sample_153.json
164,outputs/2025-01-15_12:39:16/1-LV-rural1--1-no_sw/train/sample_211.json
165,outputs/2025-01-15_12:39:16/1-LV-rural1--1-no_sw/train/sample_264.json
166,outputs/2025-01-15_12:39:16/1-LV-rural1--1-no_sw/train/sample_028.json
167,outputs/2025-01-15_12:39:16/1-LV-rural1--1-no_sw/train/sample_194.json
168,outputs/2025-01-15_12:39:16/1-LV-rural1--1-no_sw/train/sample_034.json
169,outputs/2025-01-15_12:39:16/1-LV-rural1--1-no_sw/train/sample_002.json
170,outputs/2025-01-15_12:39:16/1-LV-rural1--1-no_sw/train/sample_177.json
171,outputs/2025-01-15_12:39:16/1-LV-rural1--1-no_sw/train/sample_299.json
172,outputs/2025-01-15_12:39:16/1-LV-rural1--1-no_sw/train/sample_059.json
173,outputs/2025-01-15_12:39:16/1-LV-rural1--1-no_sw/train/sample_021.json
174,outputs/2025-01-15_12:39:16/1-LV-rural1--1-no_sw/train/sample_017.json
175,outputs/2025-01-15_12:39:16/1-LV-rural1--1-no_sw/train/sample_104.json
176,outputs/2025-01-15_12:39:16/1-LV-rural1--1-no_sw/train/sample_205.json
177,outputs/2025-01-15_12:39:16/1-LV-rural1--1-no_sw/train/sample_124.json
178,outputs/2025-01-15_12:39:16/1-LV-rural1--1-no_sw/train/sample_103.json
179,outputs/2025-01-15_12:39:16/1-LV-rural1--1-no_sw/train/sample_023.json
180,outputs/2025-01-15_12:39:16/1-LV-rural1--1-no_sw/train/sample_221.json
181,outputs/2025-01-15_12:39:16/1-LV-rural1--1-no_sw/train/sample_064.json
182,outputs/2025-01-15_12:39:16/1-LV-rural1--1-no_sw/train/sample_278.json
183,outputs/2025-01-15_12:39:16/1-LV-rural1--1-no_sw/train/sample_280.json
184,outputs/2025-01-15_12:39:16/1-LV-rural1--1-no_sw/train/sample_112.json
185,outputs/2025-01-15_12:39:16/1-LV-rural1--1-no_sw/train/sample_145.json
186,outputs/2025-01-15_12:39:16/1-LV-rural1--1-no_sw/train/sample_154.json
187,outputs/2025-01-15_12:39:16/1-LV-rural1--1-no_sw/train/sample_106.json
188,outputs/2025-01-15_12:39:16/1-LV-rural1--1-no_sw/train/sample_111.json
189,outputs/2025-01-15_12:39:16/1-LV-rural1--1-no_sw/train/sample_217.json
190,outputs/2025-01-15_12:39:16/1-LV-rural1--1-no_sw/train/sample_294.json
191,outputs/2025-01-15_12:39:16/1-LV-rural1--1-no_sw/train/sample_070.json
192,outputs/2025-01-15_12:39:16/1-LV-rural1--1-no_sw/train/sample_257.json
193,outputs/2025-01-15_12:39:16/1-LV-rural1--1-no_sw/train/sample_269.json
194,outputs/2025-01-15_12:39:16/1-LV-rural1--1-no_sw/train/sample_152.json
195,outputs/2025-01-15_12:39:16/1-LV-rural1--1-no_sw/train/sample_160.json
196,outputs/2025-01-15_12:39:16/1-LV-rural1--1-no_sw/train/sample_014.json
197,outputs/2025-01-15_12:39:16/1-LV-rural1--1-no_sw/train/sample_290.json
198,outputs/2025-01-15_12:39:16/1-LV-rural1--1-no_sw/train/sample_261.json
199,outputs/2025-01-15_12:39:16/1-LV-rural1--1-no_sw/train/sample_109.json
200,outputs/2025-01-15_12:39:16/1-LV-rural1--1-no_sw/train/sample_095.json
201,outputs/2025-01-15_12:39:16/1-LV-rural1--1-no_sw/train/sample_114.json
202,outputs/2025-01-15_12:39:16/1-LV-rural1--1-no_sw/train/sample_255.json
203,outputs/2025-01-15_12:39:16/1-LV-rural1--1-no_sw/train/sample_238.json
204,outputs/2025-01-15_12:39:16/1-LV-rural1--1-no_sw/train/sample_277.json
205,outputs/2025-01-15_12:39:16/1-LV-rural1--1-no_sw/train/sample_176.json
206,outputs/2025-01-15_12:39:16/1-LV-rural1--1-no_sw/train/sample_245.json
207,outputs/2025-01-15_12:39:16/1-LV-rural1--1-no_sw/train/sample_062.json
208,outputs/2025-01-15_12:39:16/1-LV-rural1--1-no_sw/train/sample_276.json
209,outputs/2025-01-15_12:39:16/1-LV-rural1--1-no_sw/train/sample_087.json
210,outputs/2025-01-15_12:39:16/1-LV-rural1--1-no_sw/train/sample_179.json
211,outputs/2025-01-15_12:39:16/1-LV-rural1--1-no_sw/train/sample_026.json
212,outputs/2025-01-15_12:39:16/1-LV-rural1--1-no_sw/train/sample_012.json
213,outputs/2025-01-15_12:39:16/1-LV-rural1--1-no_sw/train/sample_101.json
214,outputs/2025-01-15_12:39:16/1-LV-rural1--1-no_sw/train/sample_079.json
215,outputs/2025-01-15_12:39:16/1-LV-rural1--1-no_sw/train/sample_168.json
216,outputs/2025-01-15_12:39:16/1-LV-rural1--1-no_sw/train/sample_094.json
217,outputs/2025-01-15_12:39:16/1-LV-rural1--1-no_sw/train/sample_022.json
218,outputs/2025-01-15_12:39:16/1-LV-rural1--1-no_sw/train/sample_072.json
219,outputs/2025-01-15_12:39:16/1-LV-rural1--1-no_sw/train/sample_207.json
220,outputs/2025-01-15_12:39:16/1-LV-rural1--1-no_sw/train/sample_051.json
221,outputs/2025-01-15_12:39:16/1-LV-rural1--1-no_sw/train/sample_123.json
222,outputs/2025-01-15_12:39:16/1-LV-rural1--1-no_sw/train/sample_052.json
223,outputs/2025-01-15_12:39:16/1-LV-rural1--1-no_sw/train/sample_293.json
224,outputs/2025-01-15_12:39:16/1-LV-rural1--1-no_sw/train/sample_275.json
225,outputs/2025-01-15_12:39:16/1-LV-rural1--1-no_sw/train/sample_088.json
226,outputs/2025-01-15_12:39:16/1-LV-rural1--1-no_sw/train/sample_210.json
227,outputs/2025-01-15_12:39:16/1-LV-rural1--1-no_sw/train/sample_239.json
228,outputs/2025-01-15_12:39:16/1-LV-rural1--1-no_sw/train/sample_283.json
229,outputs/2025-01-15_12:39:16/1-LV-rural1--1-no_sw/train/sample_156.json
230,outputs/2025-01-15_12:39:16/1-LV-rural1--1-no_sw/train/sample_208.json
231,outputs/2025-01-15_12:39:16/1-LV-rural1--1-no_sw/train/sample_236.json
232,outputs/2025-01-15_12:39:16/1-LV-rural1--1-no_sw/train/sample_018.json
233,outputs/2025-01-15_12:39:16/1-LV-rural1--1-no_sw/train/sample_288.json
234,outputs/2025-01-15_12:39:16/1-LV-rural1--1-no_sw/train/sample_253.json
235,outputs/2025-01-15_12:39:16/1-LV-rural1--1-no_sw/train/sample_129.json
236,outputs/2025-01-15_12:39:16/1-LV-rural1--1-no_sw/train/sample_150.json
237,outputs/2025-01-15_12:39:16/1-LV-rural1--1-no_sw/train/sample_144.json
238,outputs/2025-01-15_12:39:16/1-LV-rural1--1-no_sw/train/sample_009.json
239,outputs/2025-01-15_12:39:16/1-LV-rural1--1-no_sw/train/sample_033.json
240,outputs/2025-01-15_12:39:16/1-LV-rural1--1-no_sw/train/sample_203.json
241,outputs/2025-01-15_12:39:16/1-LV-rural1--1-no_sw/train/sample_186.json
242,outputs/2025-01-15_12:39:16/1-LV-rural1--1-no_sw/train/sample_133.json
243,outputs/2025-01-15_12:39:16/1-LV-rural1--1-no_sw/train/sample_272.json
244,outputs/2025-01-15_12:39:16/1-LV-rural1--1-no_sw/train/sample_227.json
245,outputs/2025-01-15_12:39:16/1-LV-rural1--1-no_sw/train/sample_056.json
246,outputs/2025-01-15_12:39:16/1-LV-rural1--1-no_sw/train/sample_183.json
247,outputs/2025-01-15_12:39:16/1-LV-rural1--1-no_sw/train/sample_045.json
248,outputs/2025-01-15_12:39:16/1-LV-rural1--1-no_sw/train/sample_135.json
249,outputs/2025-01-15_12:39:16/1-LV-rural1--1-no_sw/train/sample_248.json
250,outputs/2025-01-15_12:39:16/1-LV-rural1--1-no_sw/train/sample_081.json
251,outputs/2025-01-15_12:39:16/1-LV-rural1--1-no_sw/train/sample_268.json
252,outputs/2025-01-15_12:39:16/1-LV-rural1--1-no_sw/train/sample_193.json
253,outputs/2025-01-15_12:39:16/1-LV-rural1--1-no_sw/train/sample_199.json
254,outputs/2025-01-15_12:39:16/1-LV-rural1--1-no_sw/train/sample_247.json
255,outputs/2025-01-15_12:39:16/1-LV-rural1--1-no_sw/train/sample_291.json
256,outputs/2025-01-15_12:39:16/1-LV-rural1--1-no_sw/train/sample_077.json
257,outputs/2025-01-15_12:39:16/1-LV-rural1--1-no_sw/train/sample_099.json
258,outputs/2025-01-15_12:39:16/1-LV-rural1--1-no_sw/train/sample_259.json
259,outputs/2025-01-15_12:39:16/1-LV-rural1--1-no_sw/train/sample_075.json
260,outputs/2025-01-15_12:39:16/1-LV-rural1--1-no_sw/train/sample_037.json
261,outputs/2025-01-15_12:39:16/1-LV-rural1--1-no_sw/train/sample_197.json
262,outputs/2025-01-15_12:39:16/1-LV-rural1--1-no_sw/train/sample_226.json
263,outputs/2025-01-15_12:39:16/1-LV-rural1--1-no_sw/train/sample_204.json
264,outputs/2025-01-15_12:39:16/1-LV-rural1--1-no_sw/train/sample_093.json
265,outputs/2025-01-15_12:39:16/1-LV-rural1--1-no_sw/train/sample_108.json
266,outputs/2025-01-15_12:39:16/1-LV-rural1--1-no_sw/train/sample_165.json
267,outputs/2025-01-15_12:39:16/1-LV-rural1--1-no_sw/train/sample_139.json
268,outputs/2025-01-15_12:39:16/1-LV-rural1--1-no_sw/train/sample_019.json
269,outputs/2025-01-15_12:39:16/1-LV-rural1--1-no_sw/train/sample_231.json
270,outputs/2025-01-15_12:39:16/1-LV-rural1--1-no_sw/train/sample_295.json
271,outputs/2025-01-15_12:39:16/1-LV-rural1--1-no_sw/train/sample_166.json
272,outputs/2025-01-15_12:39:16/1-LV-rural1--1-no_sw/train/sample_020.json
273,outputs/2025-01-15_12:39:16/1-LV-rural1--1-no_sw/train/sample_074.json
274,outputs/2025-01-15_12:39:16/1-LV-rural1--1-no_sw/train/sample_055.json
275,outputs/2025-01-15_12:39:16/1-LV-rural1--1-no_sw/train/sample_240.json
276,outputs/2025-01-15_12:39:16/1-LV-rural1--1-no_sw/train/sample_188.json
277,outputs/2025-01-15_12:39:16/1-LV-rural1--1-no_sw/train/sample_265.json
278,outputs/2025-01-15_12:39:16/1-LV-rural1--1-no_sw/train/sample_270.json
279,outputs/2025-01-15_12:39:16/1-LV-rural1--1-no_sw/train/sample_048.json
280,outputs/2025-01-15_12:39:16/1-LV-rural1--1-no_sw/train/sample_073.json
281,outputs/2025-01-15_12:39:16/1-LV-rural1--1-no_sw/train/sample_078.json
282,outputs/2025-01-15_12:39:16/1-LV-rural1--1-no_sw/train/sample_178.json
283,outputs/2025-01-15_12:39:16/1-LV-rural1--1-no_sw/train/sample_184.json
284,outputs/2025-01-15_12:39:16/1-LV-rural1--1-no_sw/train/sample_142.json
285,outputs/2025-01-15_12:39:16/1-LV-rural1--1-no_sw/train/sample_230.json
286,outputs/2025-01-15_12:39:16/1-LV-rural1--1-no_sw/train/sample_143.json
287,outputs/2025-01-15_12:39:16/1-LV-rural1--1-no_sw/train/sample_191.json
288,outputs/2025-01-15_12:39:16/1-LV-rural1--1-no_sw/train/sample_223.json
289,outputs/2025-01-15_12:39:16/1-LV-rural1--1-no_sw/train/sample_267.json
290,outputs/2025-01-15_12:39:16/1-LV-rural1--1-no_sw/train/sample_243.json
291,outputs/2025-01-15_12:39:16/1-LV-rural1--1-no_sw/train/sample_136.json
292,outputs/2025-01-15_12:39:16/1-LV-rural1--1-no_sw/train/sample_015.json
293,outputs/2025-01-15_12:39:16/1-LV-rural1--1-no_sw/train/sample_195.json
294,outputs/2025-01-15_12:39:16/1-LV-rural1--1-no_sw/train/sample_273.json
295,outputs/2025-01-15_12:39:16/1-LV-rural1--1-no_sw/train/sample_155.json
296,outputs/2025-01-15_12:39:16/1-LV-rural1--1-no_sw/train/sample_058.json
297,outputs/2025-01-15_12:39:16/1-LV-rural1--1-no_sw/train/sample_125.json
298,outputs/2025-01-15_12:39:16/1-LV-rural1--1-no_sw/train/sample_274.json
299,outputs/2025-01-15_12:39:16/1-LV-rural1--1-no_sw/train/sample_266.json
